repository,stars,age_years,ai_score,ai_validation_reason,pre_commits,pre_issues,pre_avg_resolution_hours,pre_issue_rate_per_month,pre_fix_percent,pre_revert_percent,pre_avg_lines_changed,pre_avg_mi,pre_median_mi,pre_std_mi,pre_avg_cc,pre_median_cc,pre_std_cc,pos_commits,pos_issues,pos_avg_resolution_hours,pos_issue_rate_per_month,pos_fix_percent,pos_revert_percent,pos_avg_lines_changed,pos_avg_mi,pos_median_mi,pos_std_mi,pos_avg_cc,pos_median_cc,pos_std_cc,comparison_mi_change_percent,comparison_cc_change_percent
ThePorgs/Exegol,2987,6.2,2,2 commits with LLM co-authorship in last 2500 commits,2,3,8753.59,0.5,0.0,0.0,61.5,58.586735789278606,59.96614468246651,27.49759494534026,4.373027259684362,2.0,5.182883886772106,2,11,1423.4081944444445,1.8333333333333333,0.0,0.0,3.0,57.54109244251036,58.42371664713008,28.201605910554647,4.416666666666667,2.0,5.336992853098597,-1.7847782995269683,0.9979221347331648
oauthlib/oauthlib,2969,14.5,4,4 commits with LLM co-authorship in last 2500 commits,4,35,5956.879027777778,5.833333333333333,50.0,0.0,14.5,74.45172443989212,73.87995539965634,22.578047534412736,2.604288499025341,1.0,2.884613536333816,4,10,833.7841666666667,1.6666666666666667,0.0,0.0,7.5,74.89076269017383,74.86113123645292,22.63432709275986,2.6379310344827585,1.0,2.9310626548116465,0.5896952066384509,1.2918129258723923
ekzhu/datasketch,2916,11.2,2,2 commits with LLM co-authorship in last 2500 commits,2,21,6022.453055555556,3.5,50.0,0.0,12.0,53.23304473135306,50.791106735598916,24.19975093131054,2.6594059405940595,2.0,2.661577668732848,2,6,2593.9619444444443,1.0,100.0,100.0,715.0,54.33090600334315,51.52184737457014,24.108004352884613,2.710144927536232,2.0,2.766132911366306,2.0623679850186654,1.907906806090622
make-all/tuya-local,2921,6.1,2,2 commits with LLM co-authorship in last 2500 commits,2,84,200.74291666666664,14.0,0.0,0.0,63.5,49.21025457541909,50.33047631948226,20.41400835321021,3.8074534161490683,2.0,5.067064350682583,2,659,23.664444444444445,109.83333333333333,100.0,0.0,242.5,50.081129657991895,51.49435071194908,19.428278218391295,3.94279176201373,2.0,5.487570685011584,1.7697024534553223,3.554563406885896
gramps-project/gramps,2964,11.4,2,2 commits with LLM co-authorship in last 2500 commits,2,0,0.0,0.0,50.0,0.0,17082.5,69.62317825402786,73.01758086909643,27.824149804047035,3.257679180887372,2.0,5.2362758115755135,2,0,0.0,0.0,50.0,0.0,376.0,69.50690456652733,73.37735768535835,28.45004673029262,3.431486880466472,2.0,5.811621665254148,-0.1670042799199722,5.335322784355821
nicotine-plus/nicotine-plus,2878,12.8,2,2 commits with LLM co-authorship in last 2500 commits,2,219,52.288333333333334,36.5,50.0,0.0,8.0,54.99394294205261,58.35860326934625,30.931154169383944,2.7777777777777777,2.0,3.145182939911295,2,134,268.9530555555556,22.333333333333332,0.0,0.0,3905.5,45.73614400588639,47.26364117339856,31.416458091127662,2.9416399182958854,2.0,3.4254036451749643,-16.834215626112154,5.89903705865188
scrapinghub/dateparser,2807,11.5,3,3 commits with LLM co-authorship in last 2500 commits,3,105,874.6408333333334,17.5,66.66666666666666,0.0,226.0,92.85315492735084,100.0,19.424962488684997,4.175226586102719,3.0,6.45220327201975,3,29,5343.401666666667,4.833333333333333,66.66666666666666,0.0,151.0,92.79739794437546,100.0,19.58423842129209,4.262686567164179,3.0,6.5318698797236046,-0.06004856056749655,2.0947361600103775
pypa/setuptools,2831,10.1,1,1 commits with LLM co-authorship in last 2500 commits,1,455,20399.295555555553,75.83333333333333,0.0,0.0,117.0,62.087741400681466,59.51698404373003,26.457993881645244,3.3858623438745683,2.0,9.074055727420058,1,108,9269.647916666667,18.0,0.0,0.0,12.0,63.92863775621425,61.98432543588579,26.294765375471194,3.335465302206588,2.0,9.53493394992752,2.96499166180424,-1.488455127514405
DLR-RM/rl-baselines3-zoo,2803,6.0,1,1 commits with LLM co-authorship in last 2500 commits,1,54,416.0111111111111,9.0,0.0,0.0,22.0,66.50265104465974,59.63249644357484,21.483956460219805,4.763358778625954,3.0,7.1535311955658925,1,8,205.76069444444443,1.3333333333333333,100.0,0.0,1513.0,66.4606009865335,59.63249644357484,21.59185398868633,4.8396946564885495,3.0,7.273098811303136,-0.06323064940373177,1.6025641025641006
quay/quay,2772,6.5,1,1 commits with LLM co-authorship in last 2500 commits,1,0,0.0,0.0,100.0,100.0,117.0,57.54310538393036,54.89840000542167,23.507778527017997,2.7524235645041015,2.0,3.0391804675854384,1,0,0.0,0.0,0.0,0.0,279.0,56.95835866158262,54.33102642280325,23.63920161983986,2.9376313945339874,2.0,3.3843335415931297,-1.0161890263764528,6.728900028991518
snakemake/snakemake,2778,6.6,2,2 commits with LLM co-authorship in last 2500 commits,2,446,38964.93875,74.33333333333333,100.0,0.0,97.0,61.85455748391822,60.88770660240568,32.96130369783382,3.216698841698842,2.0,4.358550278581778,2,475,40494.87694444445,79.16666666666667,100.0,0.0,39.5,61.64132946148044,61.77059467573554,32.17086019331541,3.1373883453849425,2.0,4.444306503790494,-0.34472483695840866,-2.465586622091513
jazzband/django-model-utils,2759,16.5,1,1 commits with LLM co-authorship in last 2500 commits,1,51,38247.32111111111,8.5,0.0,0.0,2.0,58.5476467521396,53.30027827446932,27.344869712618646,2.1581632653061225,1.0,1.7844237319025695,1,3,1032.2272222222223,0.5,0.0,0.0,2.0,58.48392191114147,53.30027827446932,27.406963870549507,2.1581632653061225,1.0,1.7844237319025695,-0.10884270253918961,0.0
sigma67/ytmusicapi,2690,6.2,1,1 commits with LLM co-authorship in last 2500 commits,1,40,127.97944444444445,6.666666666666667,100.0,100.0,2723.0,62.361883673186334,57.41807285338332,23.324041747590556,3.6265060240963853,2.0,5.052441876620688,1,42,84.05611111111111,7.0,100.0,100.0,37.0,61.95774880174592,55.063322095597684,23.602261558222832,3.7164750957854404,2.0,5.182870089469956,-0.648047890211786,2.480874734282915
pyro-ppl/numpyro,2680,7.3,1,1 commits with LLM co-authorship in last 2500 commits,1,131,306.92027777777776,21.833333333333332,100.0,0.0,146.0,54.54452313427409,50.9494240828225,29.753713329414182,2.3,1.0,2.7918962524930406,1,31,459.8148611111111,5.166666666666667,100.0,0.0,328.0,53.68737024319683,50.83738027724795,29.682832443029834,2.3489096573208723,1.0,2.8800724744766133,-1.5714738012598877,2.1265068400379348
Nandaka/PixivUtil2,2654,14.5,1,1 commits with LLM co-authorship in last 2500 commits,1,127,756.1266666666667,21.166666666666668,0.0,0.0,166.0,41.975194738075345,44.481011971210705,22.347127155890465,5.738613861386138,3.0,9.769167200001752,1,105,8949.222777777777,17.5,0.0,0.0,32.0,37.962848916130255,40.54446796278939,22.079943772142144,6.576595744680851,4.0,12.590501532368663,-9.558849808755085,14.60251383933161
ilius/pyglossary,2611,15.3,1,1 commits with LLM co-authorship in last 2500 commits,1,64,105.35611111111112,10.666666666666666,100.0,0.0,6.0,70.71555697716487,71.41516798186157,26.469482588945997,2.9278846153846154,2.0,3.24099443588414,1,25,198.73055555555555,4.166666666666667,100.0,0.0,1466.0,70.58383721985578,71.28694839842038,25.841364553898185,2.912848446010894,2.0,3.1988610786273988,-0.18626701526457531,-0.5135506124358097
napari/napari,2652,7.8,1,1 commits with LLM co-authorship in last 2500 commits,1,969,5015.2075,161.5,0.0,0.0,52.0,63.75623790165955,60.713228610149,24.248400636522735,2.7898334576186925,2.0,2.9958046806190057,1,294,555.7275,49.0,100.0,0.0,55.0,63.185559034453924,60.55962519178367,24.313140156131517,2.782421266914142,2.0,2.9584934416247046,-0.8950949522552907,-0.2656857772032436
virtio-win/virtio-win-pkg-scripts,2486,11.3,2,2 commits with LLM co-authorship in last 2500 commits,2,11,3471.5427777777777,1.8333333333333333,0.0,0.0,38.0,54.66641591051025,54.50941379504238,8.404951063526871,2.5847457627118646,2.0,2.5522548063193744,2,8,20.701944444444443,1.3333333333333333,50.0,0.0,2.5,54.58591907626208,54.50941379504238,8.487748955852979,2.5847457627118646,2.0,2.5522548063193744,-0.14725098199221148,0.0
raspiblitz/raspiblitz,2596,7.8,2,2 commits with LLM co-authorship in last 2500 commits,2,700,2895.2519444444442,116.66666666666667,50.0,0.0,44.5,65.85115050715078,65.13265787205677,26.24119046698498,2.809090909090909,1.0,4.488022013960732,2,63,1449.9265277777777,10.5,50.0,0.0,28.5,65.85115050715078,65.13265787205677,26.24119046698498,2.809090909090909,1.0,4.488022013960732,0.0,0.0
graphistry/pygraphistry,2486,11.0,1,1 commits with LLM co-authorship in last 2500 commits,1,49,123.85319444444444,8.166666666666666,100.0,0.0,134.0,61.75463035658154,58.22088316350175,30.30361353041253,4.119462025316456,2.0,5.810085161510196,1,292,18.293194444444445,48.666666666666664,0.0,0.0,11.0,58.28041303243849,55.81296923242403,32.56414587281143,5.199286139202855,2.5,11.642024206658215,-5.62584101642637,26.212745918041264
scverse/scanpy,2457,9.3,2,2 commits with LLM co-authorship in last 2500 commits,2,707,704.6936111111111,117.83333333333333,0.0,0.0,7.5,60.80852078775807,59.13952144612706,27.427026382712736,5.069767441860465,2.0,7.770532736928926,2,106,419.33680555555554,17.666666666666668,50.0,0.0,703.0,59.90353190690139,58.16987390691782,27.049580152433137,4.886631016042781,2.0,7.509707292778403,-1.4882599825366405,-3.6123239954864355
Pyomo/pyomo,2460,10.0,23,23 commits with LLM co-authorship in last 2500 commits,23,292,28392.254722222224,48.666666666666664,8.695652173913043,0.0,56.0,64.41305547952886,66.6748108441895,30.057563778971303,3.748221906116643,2.0,6.590282148126484,23,91,958.4908333333333,15.166666666666666,4.3478260869565215,0.0,4.0,63.86691287403177,66.29480935734219,30.33117254603688,3.73248294800248,2.0,6.53788335216043,-0.8478756386128361,-0.4199046510154283
open-telemetry/opentelemetry-python,2446,7.0,1,1 commits with LLM co-authorship in last 2500 commits,1,212,690.9861111111111,35.333333333333336,0.0,0.0,200.0,87.09646379330081,100.0,19.791286689480028,2.0670665212649943,1.0,2.2109017609218484,1,166,1503.4233333333334,27.666666666666668,100.0,0.0,10.0,81.39425039271798,100.0,24.265971705535208,2.2842267643655996,1.0,2.464051207097849,-6.5470090888138115,10.505721072184384
microsoft/debugpy,2410,6.3,4,4 commits with LLM co-authorship in last 2500 commits,4,271,3381.863888888889,45.166666666666664,100.0,0.0,104.0,67.17658000052337,70.57037359134901,27.943902080346152,3.308119712084859,2.0,5.397615941184635,4,116,904.2524999999999,19.333333333333332,75.0,25.0,56.0,67.18761554880096,70.27921354085788,27.889181084497576,3.318871742980015,2.0,5.414715176460267,0.016427672080811716,0.3250194016824036
TorchIO-project/torchio,2396,6.5,23,23 commits with LLM co-authorship in last 2500 commits,23,71,37.94027777777778,11.833333333333334,13.043478260869565,0.0,6.0,66.95011415565025,60.6517088291002,23.913749856560873,3.046801872074883,2.0,2.6159823024866156,23,11,54.349444444444444,1.8333333333333333,26.08695652173913,0.0,37.0,63.32486543114193,57.080090065832756,24.51756407344184,3.040682414698163,2.0,2.8830527631483926,-5.41485069925362,-0.2008485498452404
Neoteroi/BlackSheep,2335,7.5,4,4 commits with LLM co-authorship in last 2500 commits,4,33,6512.710555555555,5.5,50.0,0.0,95.0,59.106330429408175,57.78486570885171,27.027290597498393,2.3451327433628317,2.0,2.122262083593307,4,23,6911.070277777777,3.8333333333333335,50.0,0.0,769.0,58.425210164160795,56.40081821184353,28.148715980768472,2.4850849013308856,2.0,2.459610894960646,-1.1523643242594033,5.967771264298145
QuantEcon/QuantEcon.py,2330,13.2,10,10 commits with LLM co-authorship in last 2500 commits,10,45,26220.51375,7.5,10.0,0.0,6.0,69.13607612335757,64.99028512801246,24.096799340702294,3.410204081632653,2.0,3.3474172131909423,10,2,1373.818611111111,0.3333333333333333,40.0,40.0,152.5,69.34368660880969,66.77955902906282,24.196288254302225,3.4345238095238093,2.0,3.3893622350737633,0.30029254926427745,0.7131458208657484
microsoft/Olive,2315,6.8,36,36 commits with LLM co-authorship in last 2500 commits,36,4,7946.196527777777,0.6666666666666666,80.55555555555556,0.0,75.0,70.32120606437793,67.8815852181744,24.396111117796533,3.8011133603238867,2.0,4.271933018657289,36,26,338.6694444444445,4.333333333333333,91.66666666666666,0.0,227.0,66.95323255715734,64.61749454220228,25.23293845232579,4.190442971747471,2.0,5.033061885363571,-4.789413742615949,10.242515140101217
cyberjunky/python-garminconnect,2288,6.4,1,1 commits with LLM co-authorship in last 2500 commits,1,17,4974.873333333333,2.8333333333333335,100.0,0.0,35.0,19.25463706605519,18.911353253244908,19.26075637397923,4.19,2.0,5.432669693622096,1,28,360.8615277777778,4.666666666666667,100.0,0.0,22.0,62.77943515913001,73.86558877212629,39.772591986863475,3.67816091954023,2.0,4.829850317457822,226.0483952190744,-12.215729843908605
pypa/flit,2248,11.2,1,1 commits with LLM co-authorship in last 2500 commits,1,76,535.6830555555556,12.666666666666666,0.0,0.0,53.0,76.01526793340233,85.39002821066074,27.254190371974456,4.194888178913738,3.0,5.378668024328193,1,8,1749.1905555555556,1.3333333333333333,100.0,0.0,32.0,76.24830646269385,85.62341434333207,26.839249652540353,4.186495176848875,3.0,5.344463517375896,0.30656805616430477,-0.200076896138771
wemake-services/wemake-django-template,2248,8.7,1,1 commits with LLM co-authorship in last 2500 commits,1,27,12433.926111111112,4.5,0.0,0.0,78.0,94.49889549012707,100.0,8.847681143264019,1.6,1.0,0.7999999999999999,1,9,824.1111111111111,1.5,100.0,0.0,16.0,95.98648422486637,100.0,8.017021502841587,1.4390243902439024,1.0,0.6643823644817677,1.5741863722573592,-10.060975609756106
pypa/cibuildwheel,2233,9.2,4,4 commits with LLM co-authorship in last 2500 commits,4,113,411.24083333333334,18.833333333333332,100.0,25.0,25.5,52.066047696833856,52.55047626097649,19.010999012663984,4.025408348457351,2.0,5.159109836680718,4,72,676.9075,12.0,50.0,25.0,18.0,54.05180002364584,54.99860990145993,21.300265932260743,4.037087912087912,2.0,4.942248707721492,3.813910244108537,0.2901460577294651
sagemath/sage,2381,13.9,3,3 commits with LLM co-authorship in last 2500 commits,3,15839,1073.6861111111111,2639.8333333333335,66.66666666666666,0.0,50.0,55.304430865326225,53.697475909325405,31.20406466408143,3.8376189644634593,2.0,6.0955191202862276,3,438,6803.185277777778,73.0,0.0,0.0,2.0,55.33068985037231,53.60440245959755,31.270408335379244,3.850829088544489,2.0,6.107741519214198,0.04748079789488899,0.34422708985327205
cantools/cantools,2229,11.1,1,1 commits with LLM co-authorship in last 2500 commits,1,70,3995.2783333333336,11.666666666666666,0.0,0.0,247.0,58.95481783097011,57.31841042274634,30.6567937970827,3.4393203883495147,2.0,4.161043036280506,1,51,36672.13791666667,8.5,100.0,0.0,33.0,58.95823605298786,58.26492677076128,30.760459113477612,3.4471153846153846,2.0,4.168574205860238,0.005798036773771905,0.2266435046957227
testcontainers/testcontainers-python,2216,9.2,1,1 commits with LLM co-authorship in last 2500 commits,1,26,8287.092916666666,4.333333333333333,100.0,0.0,8.0,79.39898836732874,79.31259166506528,17.272915110508396,2.198051948051948,1.0,1.8524455853417259,1,55,769.8911111111111,9.166666666666666,0.0,0.0,143.0,78.45880865920395,79.2802967197284,18.41716813915892,2.2906474820143883,1.0,2.1853960043605265,-1.184120512688616,4.212618088690044
jellyfin/jellyfin-mpv-shim,2190,6.3,1,1 commits with LLM co-authorship in last 2500 commits,1,47,1985.769861111111,7.833333333333333,0.0,0.0,5.0,53.609100634840644,54.89264318513786,25.331029877008742,3.6747967479674797,2.0,4.012506062859977,1,45,1126.7959722222222,7.5,0.0,0.0,29.0,51.12593499173163,48.541173220219406,25.968379784867004,3.9728395061728397,3.0,4.297774685328056,-4.631985266873135,8.110455588331698
veops/cmdb,2170,10.4,1,1 commits with LLM co-authorship in last 2500 commits,1,17,27121.785555555558,2.8333333333333335,0.0,0.0,1045.0,62.61892885291453,58.17579815568522,33.01387324557873,4.1279778393351805,2.0,5.499505750601044,1,57,5537.803888888889,9.5,0.0,0.0,142.0,62.49427802198537,58.15530509228655,32.9991187430313,4.1413641364136415,2.0,5.514790065837951,-0.1990625410120759,0.3242821933515262
getsentry/sentry-python,2180,7.9,2,2 commits with LLM co-authorship in last 2500 commits,2,318,7060.757083333334,53.0,0.0,0.0,1.5,64.94103708459538,63.203777979054635,20.720838414544595,2.7788220551378444,2.0,2.9002769923743537,2,958,746.6511111111112,159.66666666666666,50.0,0.0,42.0,58.83976379004204,56.59382474624303,24.520101579334813,3.3586399627387054,2.0,4.21167048190021,-9.395096796199173,20.865600462930644
web2py/web2py,2169,17.5,4,4 commits with LLM co-authorship in last 2500 commits,4,42,3540.6133333333332,7.0,25.0,0.0,124.5,64.52632364744696,63.965664847556326,31.395561223797756,4.451232876712329,2.0,8.692049893824088,4,16,8567.133333333333,2.6666666666666665,50.0,0.0,34.0,64.65255829882744,64.08934995250802,31.353256747028485,4.460313100796484,2.0,8.701408259418653,0.19563279642304607,0.20399346283725078
home-assistant/supervisor,2165,9.2,18,18 commits with LLM co-authorship in last 2500 commits,18,185,99.3073611111111,30.833333333333332,50.0,5.555555555555555,4.0,64.62043219166763,59.56655894305255,24.60453811568267,2.2303822937625752,1.0,2.5497548812493918,18,145,113.99555555555555,24.166666666666668,72.22222222222221,5.555555555555555,322.5,63.457364107439446,58.257922089749535,24.468747718773255,2.279850746268657,1.0,2.72496144983676,-1.7998457218275243,2.2179360302681586
SheffieldML/GPy,2158,13.5,3,3 commits with LLM co-authorship in last 2500 commits,3,54,60196.31958333333,9.0,33.33333333333333,0.0,6.0,60.105017198632254,58.48127263817659,23.320259671102765,2.7456864216054013,2.0,2.929118588691797,3,1,0.0,0.16666666666666666,0.0,0.0,2.0,60.108086585502065,58.48127263817659,23.31593119710271,2.746996996996997,2.0,2.9298271925779784,0.005106706582692216,0.04773215838790341
tensorflow/quantum,2128,6.3,9,9 commits with LLM co-authorship in last 2500 commits,9,82,37541.4775,13.666666666666666,33.33333333333333,0.0,54.0,72.44389541271,71.1053523520698,22.649415970016804,3.1205128205128205,2.0,4.0466307281287275,9,71,20209.97902777778,11.833333333333334,11.11111111111111,0.0,24.0,73.02569263122408,71.9815298217978,22.70658306871936,3.104089219330855,2.0,4.0079314960211425,0.8031004064588095,-0.526310966390024
Kludex/mangum,2112,7.3,1,1 commits with LLM co-authorship in last 2500 commits,1,27,487.91305555555556,4.5,0.0,0.0,6.0,69.33369071731428,62.24291290658253,22.74482782934421,2.6233766233766236,2.0,1.9342367267988916,1,7,1668.3204166666667,1.1666666666666667,0.0,0.0,1876.0,69.18897647108498,60.964414990684716,22.840414107570957,2.6153846153846154,2.0,1.9230769230769234,-0.20872139465260015,-0.30464584920031124
Blazemeter/taurus,2104,11.2,1,1 commits with LLM co-authorship in last 2500 commits,1,0,0.0,0.0,100.0,0.0,13.0,39.998414488530365,37.396007475272086,31.397844622363152,3.439531859557867,2.0,3.2155826365400713,1,4,265.41194444444443,0.6666666666666666,100.0,0.0,30.0,39.97879141494777,37.396007475272086,31.50229359913656,3.455357142857143,2.0,3.2388815900062835,-0.0490596285715787,0.4600999189846093
twilio/twilio-python,2058,16.7,1,1 commits with LLM co-authorship in last 2500 commits,1,19,6587.467500000001,3.1666666666666665,0.0,0.0,4.0,58.82321024756236,48.61294885131138,24.75261365272904,1.34799892197817,1.0,0.5974379093403449,1,8,1829.7743055555557,1.3333333333333333,100.0,0.0,55.0,54.134462883536514,44.46252339369777,27.819397966268888,1.2476070733290072,1.0,0.5285244026352869,-7.970913767359621,-7.4474724728888635
simonw/sqlite-utils,2053,7.8,1,1 commits with LLM co-authorship in last 2500 commits,1,83,60.86361111111111,13.833333333333334,100.0,0.0,428.0,61.32683326439965,82.1002372785635,39.51872178092154,5.0355731225296445,3.0,8.22765985726601,1,35,77.295,5.833333333333333,0.0,0.0,17.0,54.78836476163177,63.32026917136709,38.94308686213597,5.103448275862069,2.0,8.60014409942354,-10.661676389808763,1.3479131705732728
uber/orbit,2051,6.4,1,1 commits with LLM co-authorship in last 2500 commits,1,109,550.9530555555556,18.166666666666668,0.0,0.0,6.0,67.7774983297189,67.20080543027566,22.640595493641623,3.4076433121019107,2.0,3.9268071242734957,1,3,1493.9669444444444,0.5,100.0,0.0,63.0,67.61072215390251,66.07280874848324,22.815305953405588,3.4076433121019107,2.0,3.9268071242734957,-0.24606422474470857,0.0
erocarrera/pefile,2038,11.1,1,1 commits with LLM co-authorship in last 2500 commits,1,52,64187.33472222222,8.666666666666666,0.0,0.0,10.0,68.88121057741826,73.74590428189558,34.351402503019465,5.01779359430605,2.0,10.059416196107357,1,56,67616.50694444444,9.333333333333334,100.0,0.0,4.0,77.08996112530396,100.0,34.76576031649954,5.068345323741007,2.0,10.093395062155821,11.917256504456418,1.0074493596612066
elastic/rally,2026,10.5,2,2 commits with LLM co-authorship in last 2500 commits,2,72,2609.0901388888888,12.0,50.0,0.0,48.0,65.39722380250628,71.00177658383151,29.87279401649377,2.6199600798403195,2.0,3.0069913210372934,2,23,194.20472222222222,3.8333333333333335,50.0,0.0,255.5,65.10755282156508,70.09534668657253,29.53918660944321,2.661656891495601,2.0,3.161391293191894,-0.44294079182317614,1.5915056101855924
pythonarcade/arcade,2027,10.4,4,4 commits with LLM co-authorship in last 2500 commits,4,346,499.7711111111111,57.666666666666664,25.0,0.0,8.0,61.77243147029032,58.221577350112256,24.49642416475915,2.1483202287348107,1.0,2.6521901549414233,4,15,51.27902777777778,2.5,50.0,0.0,111.0,61.184294689303755,58.67150538768904,24.689674750580625,2.1274978891077962,1.0,2.579075528468747,-0.9521023650646374,-0.969238167965169
qutip/qutip,2014,13.6,2,2 commits with LLM co-authorship in last 2500 commits,2,166,20418.69138888889,27.666666666666668,0.0,0.0,15.0,49.61106337648518,45.982374783464316,25.354881310539966,3.2576946288473145,2.0,3.61774647474243,2,111,19035.959027777775,18.5,0.0,0.0,3.0,48.880413996346256,45.8600267796821,25.406088529269255,3.3768699654775602,2.0,3.914076435837277,-1.4727549268481042,3.6582721896316626
PyPSA/PyPSA,1988,10.4,1,1 commits with LLM co-authorship in last 2500 commits,1,54,8714.553888888888,9.0,0.0,0.0,2.0,58.03379372761125,58.45824632115268,31.18920270255455,3.5536480686695278,2.0,4.885050360092153,1,127,483.6975,21.166666666666668,100.0,0.0,2.0,59.614047499095804,62.193812235086064,30.81822009259885,3.8265582655826558,2.0,5.354859943157502,2.7229889172878696,7.67971930927039
microsoft/msticpy,1968,7.2,7,7 commits with LLM co-authorship in last 2500 commits,7,40,1771.4797222222223,6.666666666666667,14.285714285714285,0.0,106.0,67.57070827068026,66.4219849874144,25.59759916812363,3.470347648261759,3.0,2.967956582085063,7,8,8596.640277777778,1.3333333333333333,57.14285714285714,0.0,283.0,60.64926529723269,57.62999818601114,23.199710158552396,3.556633183235192,3.0,3.1365688097587774,-10.243259469356289,2.486365739658743
zarr-developers/zarr-python,1979,10.4,2,2 commits with LLM co-authorship in last 2500 commits,2,200,35004.18555555555,33.333333333333336,100.0,0.0,638.0,58.585438809984836,54.77624503345793,26.519099559165056,2.3748378728923476,1.0,2.541145675097669,2,240,5097.325416666667,40.0,100.0,0.0,41.5,67.62838811012237,64.2579744399686,27.825656201907115,2.371385083713851,1.0,2.5281917421136515,15.435489575263414,-0.14539052193450847
openapi-generators/openapi-python-client,1954,6.3,1,1 commits with LLM co-authorship in last 2500 commits,1,81,6872.569861111111,13.5,0.0,0.0,23.0,72.10789441431086,61.349344200548984,24.30801921454542,2.123489932885906,1.0,2.622985369745446,1,29,747.7279166666667,4.833333333333333,100.0,0.0,830.0,67.52140228808966,60.63073987722502,23.330731654134834,2.113784135240572,1.0,2.613246213304018,-6.360596386116284,-0.45706822033968963
alandtse/alexa_media_player,1939,7.9,1,1 commits with LLM co-authorship in last 2500 commits,1,134,101.10958333333333,22.333333333333332,0.0,0.0,16.0,42.35087630014005,37.621714413411475,31.75632543695786,3.8945686900958467,2.0,5.8685060681674965,1,190,150.8390277777778,31.666666666666668,100.0,0.0,67.0,39.310430783139495,39.96214547993131,28.434950124588283,4.56544502617801,2.0,7.253427403313927,-7.179179706821088,17.225946939599446
espnet/espnet,9838,8.4,39,39 commits with LLM co-authorship in last 2500 commits,39,440,9270.674722222222,73.33333333333333,25.64102564102564,0.0,36.0,60.34795729096817,58.008520160976545,21.549626903700595,4.3359831657704,2.0,6.367554832541783,39,34,1877.5666666666666,5.666666666666667,2.564102564102564,0.0,2.0,59.23432714169482,56.467589388305186,21.401549770627366,4.34537505752416,2.0,6.140320973400871,-1.8453485408030816,0.2166035105464213
pymupdf/PyMuPDF,9726,13.6,2,2 commits with LLM co-authorship in last 2500 commits,2,266,18.484166666666667,44.333333333333336,0.0,0.0,391.5,41.382488842790515,34.89319356999841,38.87160023456088,5.068414322250639,3.0,6.638437232683283,2,87,95.33694444444444,14.5,50.0,0.0,2.0,41.02099989002977,34.89319356999841,38.90097092456887,5.17051842598376,3.0,7.159224555314677,-0.8735312033406653,2.014517702013378
Uberi/speech_recognition,8963,12.1,3,3 commits with LLM co-authorship in last 2500 commits,3,88,8930.71361111111,14.666666666666666,0.0,0.0,4.0,60.84945292570562,60.14666697095356,32.20714911478584,5.325,3.0,5.885947247470028,3,22,59305.69375,3.6666666666666665,66.66666666666666,0.0,2.0,68.43468061140713,69.70650306949491,24.068085828630114,4.044642857142857,2.0,5.002478658584345,12.46556430829826,-24.044265593561377
sqlfluff/sqlfluff,9708,7.5,76,76 commits with LLM co-authorship in last 2500 commits,76,605,416.3240277777778,100.83333333333333,52.63157894736842,0.0,113.5,73.65263597235264,74.13743198038794,23.667269468174872,2.811175337186898,1.0,4.474898631025409,76,554,5620.074583333333,92.33333333333333,35.526315789473685,0.0,145.0,71.65347835368055,70.70845701813843,24.773647606176613,2.9056,1.0,4.895020119808838,-2.7143055944698573,3.3589033584647066
eternnoir/pyTelegramBotAPI,8732,10.9,3,3 commits with LLM co-authorship in last 2500 commits,3,141,121.58527777777778,23.5,0.0,0.0,2.0,62.43120288184302,63.99745655798718,36.050965164170655,2.917384693360365,2.0,4.5816096889216515,3,27,10.144722222222223,4.5,33.33333333333333,0.0,2.0,62.38569862424475,63.99745655798718,36.09394242670781,2.8576344086021503,2.0,4.713644207596209,-0.07288704285321637,-2.0480769949262903
bentoml/BentoML,8649,7.1,6,6 commits with LLM co-authorship in last 2500 commits,6,136,3979.447222222222,22.666666666666668,66.66666666666666,0.0,6.0,61.50816155908993,57.48694445858553,25.72590091342628,2.987675308117297,2.0,3.7143341517986457,6,30,287.4952777777778,5.0,33.33333333333333,0.0,53.5,57.45899697885173,53.51362175424825,25.404670270584035,3.1099105812220564,2.0,4.011002768769961,-6.583133811190615,4.091317178029861
pdm-project/pdm,8620,6.4,1,1 commits with LLM co-authorship in last 2500 commits,1,194,26.78236111111111,32.333333333333336,0.0,0.0,13.0,50.06887803337495,45.752283260199206,23.4360266164734,3.8540095956134337,2.0,4.449542262914514,1,54,50.96055555555556,9.0,100.0,0.0,350.0,49.81828492097466,45.10609142275554,23.502169076654308,3.8776059179556155,2.0,4.52339984057703,-0.5004967601495842,0.612253855544073
jupyter/docker-stacks,8426,10.8,2,2 commits with LLM co-authorship in last 2500 commits,2,138,3711.021388888889,23.0,0.0,0.0,5.0,87.62206654094625,95.08701928450812,15.979596934794955,1.8604651162790697,1.0,1.4480362861449394,2,17,217.0022222222222,2.8333333333333335,0.0,0.0,78.5,87.59884565937395,95.08701928450812,16.034881699786133,1.8928571428571428,1.0,1.4881904731430524,-0.026501179998361032,1.7410714285714266
readthedocs/readthedocs.org,8352,15.8,55,55 commits with LLM co-authorship in last 2500 commits,55,510,9884.676111111112,85.0,34.54545454545455,3.6363636363636362,15.0,76.06112879349314,74.24359743485131,23.4492976573812,2.461000735835173,2.0,2.2178423974498,55,255,7543.578611111111,42.5,56.36363636363636,7.2727272727272725,91.0,75.03918939645014,73.18960312530315,24.011471694478203,2.4935064935064934,2.0,2.258710403347067,-1.3435764276093989,1.3208349432000108
lmcinnes/umap,8178,8.9,1,1 commits with LLM co-authorship in last 2500 commits,1,145,50.873194444444444,24.166666666666668,0.0,0.0,88.0,36.38165135182015,21.984296480854027,33.86014378714368,5.380952380952381,3.0,8.625562580429246,1,19,3072.5583333333334,3.1666666666666665,0.0,0.0,2.0,37.54267100384316,21.641012544824118,33.27179319859786,5.436734693877551,3.0,8.589568753935918,3.1912230722999397,1.0366624525916548
reactive-python/reactpy,8136,7.2,1,1 commits with LLM co-authorship in last 2500 commits,1,73,3074.988194444444,12.166666666666666,100.0,0.0,2495.0,62.120790242911895,61.31559250106263,22.81474053758349,2.8876404494382024,2.0,3.0801583289495937,1,35,8935.664166666667,5.833333333333333,100.0,0.0,18.0,66.57666551105754,63.447263568532314,25.25642357695131,3.04,2.0,3.2231040938821693,7.172921095693999,5.276264591439684
Project-MONAI/MONAI,8172,6.6,2,2 commits with LLM co-authorship in last 2500 commits,2,483,103.40541666666667,80.5,100.0,0.0,300.0,63.87027954805459,63.20938165656388,27.008761116558475,3.7588558439098314,3.0,3.754848440837175,2,99,5651.345833333334,16.5,50.0,0.0,233.0,63.69963830946113,62.56509897311305,27.176769158271902,3.804177545691906,3.0,3.8474352017981928,-0.26716845424963975,1.2057313093159903
py-why/dowhy,8116,8.0,14,14 commits with LLM co-authorship in last 2500 commits,14,79,3464.34375,13.166666666666666,28.57142857142857,0.0,12.0,58.30772771472843,53.774608355532884,22.432634394023,3.476,2.0,4.173610427435699,14,151,28415.626944444444,25.166666666666668,78.57142857142857,0.0,59.5,58.18655800512766,53.774608355532884,22.283494509611817,3.4375478927203065,2.0,4.109903948058357,-0.20781072140831144,-1.1062171254227129
openatx/uiautomator2,8059,8.7,1,1 commits with LLM co-authorship in last 2500 commits,1,222,34020.15180555556,37.0,0.0,0.0,12.0,64.12286594932522,64.12907739407264,26.070277195585742,2.199127906976744,1.5,1.7709376526818545,1,19,540.3209722222223,3.1666666666666665,100.0,0.0,111.0,63.54978669763894,62.08413676640578,25.937433968816997,2.188202247191011,1.0,1.7581195660518303,-0.8937205834486008,-0.4968178408846207
microsoft/presidio,8097,8.0,29,29 commits with LLM co-authorship in last 2500 commits,29,36,1142.2024999999999,6.0,31.03448275862069,0.0,2.0,74.82973033096623,69.73392206958052,22.923923798903846,3.0236336779911372,2.0,2.518945015256386,29,53,414.7583333333333,8.833333333333334,65.51724137931035,24.137931034482758,58.0,74.94948006827603,71.31392542791153,22.47765478790293,3.4367219917012446,3.0,2.7857707578410875,0.16002962563162942,13.661982822752453
lanpa/tensorboardX,7988,8.9,1,1 commits with LLM co-authorship in last 2500 commits,1,23,146.73916666666668,3.8333333333333335,100.0,0.0,49.0,75.25838314973592,82.69044196857239,22.63700988293413,2.1732673267326734,1.0,1.8891766287134222,1,5,10140.048333333334,0.8333333333333334,100.0,100.0,49.0,76.14564027702558,82.69044196857239,23.038745747384365,2.23728813559322,1.0,1.997221089619196,1.1789478994311497,2.9458322072506693
PyMySQL/PyMySQL,7837,14.8,2,2 commits with LLM co-authorship in last 2500 commits,2,566,22.122222222222224,94.33333333333333,0.0,0.0,14.0,71.08301718922942,69.06971064879885,31.315445981461977,2.9026548672566372,2.0,4.638172896619582,2,8,6300.350833333333,1.3333333333333333,50.0,0.0,84.5,70.79693974692331,69.06971064879885,31.414922134448926,2.9035087719298245,2.0,4.694097260605954,-0.40245540161097093,0.029418057338462998
openedx/openedx-platform,8101,13.0,2,2 commits with LLM co-authorship in last 2500 commits,2,0,0.0,0.0,50.0,0.0,216.5,75.79789178167837,75.94072912677161,24.05442795479039,2.8555133079847907,2.0,2.993701188009283,2,279,1310.8425,46.5,100.0,0.0,103.5,75.96456694006746,76.30594862314568,23.92772782855599,2.9024975673045734,2.0,3.04666329601586,0.2198941876499144,1.6453875101335342
AdnanHodzic/auto-cpufreq,7537,6.4,3,3 commits with LLM co-authorship in last 2500 commits,3,99,1668.4091666666666,16.5,100.0,0.0,7.0,56.704696612960866,61.8682622334221,22.982811060323677,3.6804123711340204,2.0,5.719466473121995,3,29,124.915,4.833333333333333,100.0,0.0,81.0,55.34104588682996,59.369337759910735,27.987235506864394,3.7958333333333334,2.0,5.73403429581264,-2.4048285372877203,3.1360877684407167
liangliangyy/DjangoBlog,7375,9.5,2,2 commits with LLM co-authorship in last 2500 commits,2,45,130.3202777777778,7.5,0.0,0.0,219.0,74.85033776855508,73.05465208784291,26.37137649836471,2.402892561983471,1.5,3.1813103329820036,2,2,270.56,0.3333333333333333,0.0,0.0,4.0,76.30376153179472,74.26066293020227,24.314951353298834,2.1712654614652713,1.0,2.7601852240238087,1.9417731523587463,-9.639511319931952
pyca/cryptography,7597,12.8,1,1 commits with LLM co-authorship in last 2500 commits,1,214,49.37638888888889,35.666666666666664,0.0,0.0,6.0,79.2061787919414,100.0,27.28986835915153,1.9130769230769231,1.0,1.915358510789056,1,125,164.5611111111111,20.833333333333332,0.0,0.0,112.0,81.81113650423826,100.0,26.331454154737802,1.9679937548790007,1.0,2.0347657022076504,3.2888314422282163,2.8706023861158387
mwouts/jupytext,7174,7.9,7,7 commits with LLM co-authorship in last 2500 commits,7,104,6053.506805555556,17.333333333333332,14.285714285714285,0.0,21.0,55.337186073926766,50.685237895816805,30.975925621811218,6.948553054662379,4.0,8.706573790349413,7,29,599.8919444444444,4.833333333333333,85.71428571428571,0.0,26.0,56.49468458020132,58.79439742246562,29.671998352915683,6.756446991404012,4.0,8.705019135519972,2.091719128486614,-2.76469160913245
ranaroussi/quantstats,7125,7.0,3,3 commits with LLM co-authorship in last 2500 commits,3,71,17744.208333333332,11.833333333333334,100.0,0.0,526.0,57.172155418593604,68.27749444725657,43.78815611383263,5.753521126760563,2.0,10.338759712383236,3,23,1098.8058333333333,3.8333333333333335,0.0,0.0,2.0,53.38127677470893,65.06730977047569,37.885728759685406,5.61139896373057,3.0,10.204097247359712,-6.630637967257397,-2.470177129774659
hacs/integration,7363,7.2,1,1 commits with LLM co-authorship in last 2500 commits,1,1408,3.085972222222222,234.66666666666666,0.0,0.0,2.0,67.86741167338815,62.91769223838481,25.258577017691366,3.656019656019656,2.0,4.172521186430417,1,219,0.522361111111111,36.5,0.0,0.0,528.0,67.97544410709109,63.11944662434972,25.296547541344335,3.6943765281173593,2.0,4.220915747294317,0.15918160283296381,1.0491429397691674
feast-dev/feast,7039,7.4,38,38 commits with LLM co-authorship in last 2500 commits,38,218,3048.3465277777777,36.333333333333336,71.05263157894737,2.631578947368421,234.0,62.16911376911602,58.91117929904862,25.317707861869966,2.6105919003115265,2.0,3.02564825412823,38,245,691.4094444444445,40.833333333333336,78.94736842105263,10.526315789473683,240.0,65.62783537883686,62.63522395501839,27.212386107905193,3.2207762026493145,2.0,4.4677235487947655,5.563408258586193,23.373408239908105
inventree/InvenTree,6973,9.2,35,35 commits with LLM co-authorship in last 2500 commits,35,402,556.2055555555555,67.0,45.714285714285715,5.714285714285714,46.0,69.74047872103088,68.23934678714744,27.266231047863325,2.5616589455106995,2.0,2.774407015451769,35,295,102.34180555555557,49.166666666666664,57.14285714285714,11.428571428571429,107.0,67.94846332991105,66.16724746538137,27.1552342261331,2.728048549212972,2.0,3.122871636130809,-2.5695484516073934,6.495384719104377
mitre/caldera,6966,8.5,3,3 commits with LLM co-authorship in last 2500 commits,3,94,497.06555555555553,15.666666666666666,0.0,0.0,40.0,68.25214572553665,62.685443135972776,30.002370303006895,2.3533778767631772,2.0,2.005521726309609,3,79,11362.875555555556,13.166666666666666,100.0,33.33333333333333,14.0,67.50464223626234,62.39549362222999,29.80271959327227,2.4147230320699706,2.0,2.0931344447395723,-1.0952087752380049,2.606685305938509
PyCQA/isort,6946,12.7,1,1 commits with LLM co-authorship in last 2500 commits,1,107,203.52875,17.833333333333332,100.0,0.0,39.0,69.0987111077717,77.99778146662221,33.34823966165884,6.487719298245614,3.0,16.682926140907085,1,99,22790.581388888888,16.5,0.0,0.0,406.0,71.21726644847264,85.29061624289466,33.064155553823184,6.645161290322581,2.0,16.83707197573025,3.065983875439693,2.426769483068443
hhyo/Archery,6890,7.6,2,2 commits with LLM co-authorship in last 2500 commits,2,231,1748.7744444444445,38.5,0.0,0.0,351.0,60.82417210942891,57.319860725043306,26.44168802126885,2.726309921962096,1.0,3.7120895451687086,2,49,106.27791666666667,8.166666666666666,50.0,0.0,357.5,59.0199051871291,56.386406143915536,27.716380810676146,2.7625,1.0,4.0239193683936225,-2.9663649495364264,1.3274381517072158
Ultimaker/Cura,6962,11.9,14,14 commits with LLM co-authorship in last 2500 commits,14,1967,4344.150416666667,327.8333333333333,7.142857142857142,0.0,55.0,71.40119619907911,70.25497676666491,24.56277074632747,3.3379310344827586,2.0,5.245660683341637,14,414,28.72833333333333,69.0,0.0,0.0,2.0,70.94654386236328,69.9737926795067,25.014586781313156,3.422732491389208,2.0,5.546851890707042,-0.6367573106873079,2.5405395147593266
flwrlabs/flower,6903,6.2,78,78 commits with LLM co-authorship in last 2500 commits,78,130,24585.714444444442,21.666666666666668,10.256410256410255,0.0,88.0,75.54014660873192,74.03933453534945,20.252091322799306,2.710976837865055,2.0,2.8146949937465737,78,82,1100.3222222222223,13.666666666666666,16.666666666666664,0.0,214.0,75.24580786359913,74.1008827745871,20.490364204125196,2.638682745825603,2.0,2.6545197677607635,-0.38964545125567346,-2.666717436670736
CTFd/CTFd,6664,11.4,3,3 commits with LLM co-authorship in last 2500 commits,3,110,1128.1069444444445,18.333333333333332,66.66666666666666,0.0,76.0,71.5522647054913,66.57634335225282,24.36194038747893,3.133056133056133,2.0,3.829116052731991,3,26,445.9227777777778,4.333333333333333,33.33333333333333,0.0,415.0,71.0055832844617,66.26256865470948,24.58245592320253,3.3218059558117194,2.0,4.522671569084904,-0.7640309126199445,6.024463486757601
nteract/papermill,6445,8.9,2,2 commits with LLM co-authorship in last 2500 commits,2,59,1109.24,9.833333333333334,50.0,0.0,7.0,60.64397165545307,55.98281083974929,25.71605622630555,2.3356401384083045,2.0,2.9637036743094867,2,11,3709.902222222222,1.8333333333333333,50.0,0.0,273.0,60.882205718887754,55.67728095220175,26.619506570073206,2.3240418118466897,2.0,2.9719150617304444,0.39284047025844804,-0.49658020389728796
Tautulli/Tautulli,6483,11.2,1,1 commits with LLM co-authorship in last 2500 commits,1,95,16.078333333333333,15.833333333333334,0.0,0.0,35.0,62.808057312753704,62.299715646621515,29.704358105310565,3.2595128984089388,2.0,4.844962885495183,1,48,10.974722222222223,8.0,0.0,0.0,254.0,67.54788584318196,67.64020250655737,29.02831056749503,3.2657291615979758,2.0,4.914478836644695,7.546529431448906,0.19071141556369797
cowrie/cowrie,6360,11.0,1,1 commits with LLM co-authorship in last 2500 commits,1,102,32882.239166666666,17.0,100.0,0.0,190.0,61.61289808959447,58.47309914325925,19.99727363920405,3.4900306748466257,2.0,4.282210168293871,1,29,352.2038888888889,4.833333333333333,100.0,0.0,1481.0,64.9159037157547,61.9223803121476,21.886715834200615,3.7335882727852137,2.0,5.088674480215709,5.360899630718813,6.97866639665829
Flagsmith/flagsmith,6364,8.0,8,8 commits with LLM co-authorship in last 2500 commits,8,231,528.8705555555555,38.5,37.5,0.0,169.0,80.07544953484404,100.0,22.862682357082928,2.164383561643836,2.0,1.7324797270606362,8,588,579.3422222222222,98.0,37.5,0.0,149.5,83.562224878634,100.0,20.228225537549296,2.2447310474992137,2.0,1.8734414090469123,4.354362496925755,3.7122572578750535
pallets-eco/flask-admin,6059,14.2,1,1 commits with LLM co-authorship in last 2500 commits,1,1252,988.1544444444445,208.66666666666666,100.0,0.0,27.0,63.14872878159609,59.43426780291105,29.983124513942343,2.63794683776352,2.0,2.722414177880951,1,61,24445.766944444444,10.166666666666666,0.0,0.0,860.0,63.30053998483002,57.29791005129443,28.0413892636123,2.5952380952380953,2.0,2.6483177972615417,0.24040262751602615,-1.6190145272841583
cloud-custodian/cloud-custodian,5985,10.2,2,2 commits with LLM co-authorship in last 2500 commits,2,449,14817.500833333334,74.83333333333333,50.0,0.0,1356.0,72.01723343658377,74.34985219973501,28.927999527888595,3.0711143695014664,2.0,3.0625156710372288,2,201,570.8436111111112,33.5,50.0,0.0,253.5,71.5688351152232,73.83382795216004,29.008947944903806,3.087579152459815,2.0,3.111036031090787,-0.6226264186549423,0.5361175448839158
aiogram/aiogram,5703,8.5,3,3 commits with LLM co-authorship in last 2500 commits,3,120,2708.68125,20.0,33.33333333333333,0.0,13.0,93.26586465047276,100.0,17.85816642348642,1.9805365597054183,1.0,2.1758900604911275,3,28,491.27,4.666666666666667,100.0,0.0,951.0,84.27641556530737,91.01743181489707,18.72208134257493,1.982773851590106,1.0,2.3490025118009137,-9.638520072541699,0.11296392756418336
WeblateOrg/weblate,5878,14.2,5,5 commits with LLM co-authorship in last 2500 commits,5,1097,506.8858333333333,182.83333333333334,20.0,0.0,46.0,68.09785629301453,70.67329929450828,28.458463734871085,2.7781512605042016,2.0,3.1997153146439947,5,1066,259.58500000000004,177.66666666666666,60.0,0.0,22.0,67.42998859870578,70.78702988253492,30.30234017307551,2.78107705406556,2.0,3.2171759187044056,-0.9807470171087657,0.10531440828845477
pylint-dev/pylint,5682,10.4,1,1 commits with LLM co-authorship in last 2500 commits,1,1211,9322.621944444445,201.83333333333334,100.0,0.0,161.0,61.99569944154338,63.06476413668807,26.417908366077505,4.696927374301676,3.0,5.566079251252588,1,187,540.0055555555556,31.166666666666668,0.0,0.0,5.0,62.00476931187833,62.83445730010202,26.20463795303512,4.541494727189363,3.0,5.357785592003519,0.014629837902707343,-3.3092410149395275
Azure/Azure-Sentinel,5851,7.8,7,7 commits with LLM co-authorship in last 2500 commits,7,210,2030.8104166666667,35.0,0.0,0.0,2148.0,64.53697597680747,60.0465288804385,26.184211132987734,3.5926660059464814,2.0,3.755351085117286,7,171,483.9633333333333,28.5,42.857142857142854,0.0,4.0,63.54487457110911,59.24879755169065,26.331048919440974,4.744889267461669,3.0,11.784373562128486,-1.5372604474911966,32.0715385067262
jpadilla/pyjwt,5660,15.2,1,1 commits with LLM co-authorship in last 2500 commits,1,105,17150.468472222223,17.5,0.0,0.0,4.0,62.41263696557024,58.002075900941605,30.265775333251465,3.0126582278481013,2.0,3.3318321674496985,1,37,1310.6981944444444,6.166666666666667,100.0,0.0,12.0,61.739394021531105,57.374363621768445,31.047348037621074,3.036363636363636,2.0,3.407462237218723,-1.0786965216844324,0.7868601986248953
holoviz/panel,5678,7.7,7,7 commits with LLM co-authorship in last 2500 commits,7,1492,622.8351388888889,248.66666666666666,42.857142857142854,0.0,111.0,53.65531044962809,48.569393747955694,32.77400983894732,4.427312775330397,3.0,5.713761112736492,7,270,2453.3913888888887,45.0,42.857142857142854,0.0,28.0,54.04998045858626,52.18347042046582,33.040063440789645,4.504926945293918,3.0,5.948746960840505,0.7355656050647418,1.753076276787989
DeepLabCut/DeepLabCut,5634,8.1,14,14 commits with LLM co-authorship in last 2500 commits,14,229,54.19611111111111,38.166666666666664,42.857142857142854,0.0,52.0,66.94054441348155,64.27280737134572,26.790403905988796,3.8351363046300304,2.0,5.1363994469143694,14,90,852.8526388888888,15.0,71.42857142857143,14.285714285714285,81.0,65.98717294623209,64.57344505573488,27.154285761577437,3.977272727272727,2.0,5.354414228224056,-1.4242063245865222,3.7061635194321556
tortoise/tortoise-orm,5567,8.1,2,2 commits with LLM co-authorship in last 2500 commits,2,263,1457.8947222222223,43.833333333333336,0.0,0.0,13.5,68.97517289035866,70.58547019129027,28.594234653659484,2.533450704225352,2.0,2.6130645614870494,2,97,369.10305555555556,16.166666666666668,100.0,0.0,60.5,64.69779167880347,62.44679652295635,30.02209391601181,2.6600529100529102,2.0,2.846290075338022,-6.201334527068777,4.997223968731971
